{"count":1,"gauges":{},"self":26.2508336,"total":27.4486366,"children":{"AgentResetIfDone":{"count":1354,"self":0.0203254,"total":0.0203254,"children":null},"AgentSendState":{"count":1354,"self":0.0505824,"total":0.1428007,"children":{"CollectObservations":{"count":4062,"self":0.092218299999999989,"total":0.092218299999999989,"children":null}}},"DecideAction":{"count":1354,"self":1.0143423,"total":1.0143423,"children":null},"AcademyStep":{"count":1354,"self":0.0059521999999999995,"total":0.0059521999999999995,"children":null},"AgentAct":{"count":1354,"self":0.0138859,"total":0.0138859,"children":null}}}